id;user_id;name;link;category;purchased;created_at;size_color;notes;list_id
620d132e-7457-40ec-9e45-d6a4e542a66b;1f1577b4-4a72-49e0-9b1e-dd314f3c3446;Bolsa;https://www.adue.com.br/produtos/pochete-9ymci/;para_mim;false;2026-04-04 16:10:43.909289+00;Preto ou Azul/off white;;69294e8b-ffe2-45ee-889b-b07d3197d02d
75a25851-4482-47d7-9cda-252d045fe30b;1652ca45-8520-44f8-97b2-a28f1bec8232;Camisa Jeans;https://www.lojatres.com.br/camisa-jeans-ban-jeans-19106052/p?idsku=2147389050&gad_source=1&gad_campaignid=22548812630&gbraid=0AAAAACxLIlQwfQWC7P61oA3cInwWtH0nk&gclid=Cj0KCQjwz9_QBhD_ARIsADnSCfCqevmCJPr3LsyLTW1RtsqW52eC3Fmf-s1rpyE8k0OKfKOGKakWfX4aAiPzEALw_wcB;para_mim;false;2026-05-28 21:29:39.011292+00;;;85517300-da0f-4321-b1dd-0915d97ed831
dc4c8cb1-7164-4789-8283-f72daa61d9c8;1652ca45-8520-44f8-97b2-a28f1bec8232;Camiseta;https://www.lojasrenner.com.br/p/camiseta-oversized-em-algodao-com-listras-bold/-/A-930737931-br.lr?sku=930737957&p=refreshContent&utm_source=google&utm_medium=cpc&utm_campaign=google_rennerbr_conversao_venda_1p_blusasecamisetas_feminino_pmax&gad_source=1&gad_campaignid=21291193173&gbraid=0AAAAADomBMkRXC9XP8H1MReB1kHcgMHTf&gclid=Cj0KCQjwz9_QBhD_ARIsADnSCfBVvRTYy3zXMy1H7FYfx9zWYUqBvD2XsetOEPYKoTolmxgENid18i0aAll3EALw_wcB;para_mim;false;2026-05-28 21:31:50.605675+00;;;85517300-da0f-4321-b1dd-0915d97ed831
a1290ad7-8757-4ef3-b70c-c5da950fb71f;1f1577b4-4a72-49e0-9b1e-dd314f3c3446;Coador de café wave;https://a.co/d/03OpmNea;para_mim;false;2026-04-11 18:54:39.831505+00;De 2 a 4 pessoas;Tem que term 3 furos e fundo chato;69294e8b-ffe2-45ee-889b-b07d3197d02d
c4f735d9-d778-4036-8256-8c2b414f87fb;1f1577b4-4a72-49e0-9b1e-dd314f3c3446;Bone - Emicida;https://oofa.com.br/produtos/bone-emicida-racional/;para_mim;false;2026-05-15 18:51:41.270703+00;Preto;;69294e8b-ffe2-45ee-889b-b07d3197d02d
6bc04bef-dd2d-4a7a-ae6d-8f616d6b0ac1;1f1577b4-4a72-49e0-9b1e-dd314f3c3446;Short preto;;para_mim;false;2026-05-16 15:42:10.116158+00;;;69294e8b-ffe2-45ee-889b-b07d3197d02d
c1644852-97c7-44db-8068-948fc0d965a3;1f1577b4-4a72-49e0-9b1e-dd314f3c3446;Tricot azul royal;https://www.lojasrenner.com.br/p/sueter-regular-em-trico-texturizado-com-gola-redonda/-/A-930993627-br.lr?sku=930993643&p=refreshContent&utm_source=google&utm_medium=cpc&utm_campaign=google_rennerbr_conversao_venda_1p_masculino_masculino_pmax&gad_source=1&gad_campaignid=18252650766&gbraid=0AAAAADomBMne8FlP0cIQ2Lg_mvcWe2SM8&gclid=CjwKCAjw5s_QBhAdEiwADD_gBmqn7C8pCDUKC0V4tUp-lDzaU27ASuog-3Fqz9tQVHvU9t8RutTRGxoCUXkQAvD_BwE;para_mim;false;2026-05-16 15:57:05.590395+00;;;69294e8b-ffe2-45ee-889b-b07d3197d02d
dd61e0ca-508c-4541-8632-faa98785c180;1f1577b4-4a72-49e0-9b1e-dd314f3c3446;Corta vendo Impermeável;https://www.decathlon.com.br/jaqueta-masculina-trilha-500-impermeavel-termica-preto-azul-8801584-quechua/p;para_mim;false;2026-05-25 18:13:51.089859+00;G / Azul ou Preta;;69294e8b-ffe2-45ee-889b-b07d3197d02d
12bdaac0-d4c7-4edd-b8f4-2f4359859ed4;1652ca45-8520-44f8-97b2-a28f1bec8232;Panela de pressão elétrica;https://www.mercadolivre.com.br/panela-de-presso-eletrica-electrolux-pce15-3-litros-cor-inox-preta/p/MLB23372811?pdp_filters=item_id%3AMLB4408172073&from=gshop&matt_tool=80488341&matt_word=&matt_source=google&matt_campaign_id=22090193747&matt_ad_group_id=194474625754&matt_match_type=&matt_network=g&matt_device=c&matt_creative=792355615587&matt_keyword=&matt_ad_position=&matt_ad_type=pla&matt_merchant_id=735128761&matt_product_id=MLB23372811-product&matt_product_partition_id=2452779771342&matt_target_id=aud-1966009190540:pla-2452779771342&cq_src=google_ads&cq_cmp=22090193747&cq_net=g&cq_plt=gp&cq_med=pla&gad_source=1&gad_campaignid=22090193747&gbraid=0AAAAAD93qcC0d7jCZLVicaQdi0OR8urxg&gclid=Cj0KCQjwz9_QBhD_ARIsADnSCfC1UCOiN8mO5b9vQjHgUwZvI4Ogj26EtxJK7hi7GGoc4a7dE8kjMCEaAt5nEALw_wcB;para_casa;false;2026-05-28 22:15:07.757577+00;;;85517300-da0f-4321-b1dd-0915d97ed831
aa7f2876-9203-4ede-859c-786c03617fb0;1652ca45-8520-44f8-97b2-a28f1bec8232;Capricho - Nike oncinha;https://www.nike.com.br/womens-air-force-1-07-109530.html?cor=BP&utm_source=google&utm_medium=cpc&utm_campaign=Google_PLA_NCA&gad_source=1&gad_campaignid=23733504430&gbraid=0AAAAADob9lP3dFV9MwR_SHO0nh5Jhdl9_&gclid=Cj0KCQjwz9_QBhD_ARIsADnSCfCYO-MEnW9-QkPIzGeFXu9e_mWnVj-ybSYwhAVE4rSL_9W4BfmkWIQaAnt4EALw_wcB&utm_referrer=https://www.google.com/;para_mim;false;2026-05-28 22:18:09.540411+00;38;;85517300-da0f-4321-b1dd-0915d97ed831
575d2e8e-5ddc-4396-b6ce-4fd5bec8f1bb;1652ca45-8520-44f8-97b2-a28f1bec8232;Box bau;https://www.amazon.com.br/Base-Casal-Linho-Cinza-Refor%C3%A7ada/dp/B0FFN845G4/ref=asc_df_B0FFN845G4?mcid=b8143cf6a66a366eb9e270c169230859&tag=googleshopp00-20&linkCode=df0&hvadid=715684159865&hvpos=&hvnetw=g&hvrand=7124449177654587309&hvpone=&hvptwo=&hvqmt=&hvdev=c&hvdvcmdl=&hvlocint=&hvlocphy=1001773&hvtargid=pla-2441336649761&psc=1&hvocijid=7124449177654587309-B0FFN845G4-&hvexpln=0&language=pt_BR;para_casa;false;2026-05-28 22:30:07.166591+00;;;85517300-da0f-4321-b1dd-0915d97ed831
4ce21f1b-68f4-424d-bb9b-0540d75d5e27;1f1577b4-4a72-49e0-9b1e-dd314f3c3446;Camisa da França;https://www.retrogol.com.br/idolos-eternos/camisa-franca-retro-1998-masculina?parceiro=4473&variant_id=5507&utm_source=google&utm_medium=cpc_&utm_campaign=22649021482&utm_content=&utm_term=&gad_source=4;para_mim;false;2026-05-25 18:44:24.802559+00;G;;69294e8b-ffe2-45ee-889b-b07d3197d02d
83bcac78-76c5-45ef-b371-582b691dabd7;1f1577b4-4a72-49e0-9b1e-dd314f3c3446;Camisa retro Palmeiras;https://www.rrsportstore.com.br/produtos/camisa-palmeiras-1999-00-parmalat-retro-masculino-branca/;para_mim;false;2026-05-25 19:42:03.513853+00;G;;69294e8b-ffe2-45ee-889b-b07d3197d02d
5da40fe6-a9be-44c4-8144-de996bc277dd;1f1577b4-4a72-49e0-9b1e-dd314f3c3446;Camisa seleção 94;https://lojadocapita.com.br/produtos/camisa-brasil-1994/;para_mim;false;2026-05-25 19:42:27.89333+00;G;;69294e8b-ffe2-45ee-889b-b07d3197d02d
f0954d41-c433-4c68-8293-c67010f5f136;1f1577b4-4a72-49e0-9b1e-dd314f3c3446;Camisa Seleção 2002;https://lojadocapita.com.br/produtos/camisa-brasil-copa-2002-away/;para_mim;false;2026-05-25 19:43:35.393572+00;G;;69294e8b-ffe2-45ee-889b-b07d3197d02d
86a7bc1b-b983-45e9-b735-644ea05df488;1f1577b4-4a72-49e0-9b1e-dd314f3c3446;Camisa Palmeiras Mundial 2025;https://dasports.com.br/products/palmeiras-2025-torcedor-masculina?variant=44985301565626;para_mim;false;2026-05-25 19:58:11.956548+00;G;;69294e8b-ffe2-45ee-889b-b07d3197d02d
59f7028c-3e13-4be3-88c5-540daef67a4f;1f1577b4-4a72-49e0-9b1e-dd314f3c3446;Calça Jeans;https://www.cea.com.br/calca-baggy-masculina-jeans-com-cinto-azul-1098774-jeans-md/p;para_mim;false;2026-05-25 20:07:10.896737+00;40/42;;69294e8b-ffe2-45ee-889b-b07d3197d02d
8e075e94-c84f-4975-b224-687afc479276;1f1577b4-4a72-49e0-9b1e-dd314f3c3446;Calça;https://www.youcom.com.br/calca-sarja-cinza-alfaiataria-p1151329?pp=/44.2306/;para_mim;false;2026-05-25 20:27:38.86692+00;40;;69294e8b-ffe2-45ee-889b-b07d3197d02d
123222df-7bdc-4e9b-8df8-84b035937c6e;1652ca45-8520-44f8-97b2-a28f1bec8232;relogio smart;https://www.amazon.com.br/REL%C3%93GIO-REDMI-WATCH-5-ACTIVE/dp/B0DFZPR9Z4/ref=asc_df_B0DFZPR9Z4?mcid=c77cbc3876ad38a8aa52ce78411080d1&tag=googleshopp00-20&linkCode=df0&hvadid=709964503139&hvpos=&hvnetw=g&hvrand=15837109446342177163&hvpone=&hvptwo=&hvqmt=&hvdev=c&hvdvcmdl=&hvlocint=&hvlocphy=1001773&hvtargid=pla-2366187437951&psc=1&hvocijid=15837109446342177163-B0DFZPR9Z4-&hvexpln=0&language=pt_BR;para_mim;false;2026-05-29 14:32:11.411498+00;;;85517300-da0f-4321-b1dd-0915d97ed831
820f055d-9b0c-4bf7-b26f-762f1aa52803;1652ca45-8520-44f8-97b2-a28f1bec8232;cesto palha;https://www.amazon.com.br/Suspensa-Artesanal-Organizador-Decorativo-pendurar/dp/B0GT8YKJJ6/ref=asc_df_B0GT8YKJJ6?mcid=5029535af52c36a4a9b866510992e81a&tag=googleshopp00-20&linkCode=df0&hvadid=709968341173&hvpos=&hvnetw=g&hvrand=5787419337643980348&hvpone=&hvptwo=&hvqmt=&hvdev=c&hvdvcmdl=&hvlocint=&hvlocphy=1001773&hvtargid=pla-2480767058379&hvocijid=5787419337643980348-B0GT8YKJJ6-&hvexpln=0&language=pt_BR&th=1;para_casa;false;2026-05-29 14:27:59.065442+00;;;85517300-da0f-4321-b1dd-0915d97ed831
5b719fa3-b0a0-46f4-a2b2-05ad9ea2fda1;762c53f2-9131-4a08-a3c5-b7370d23a5be;Fogão cooktop;;para_mim;false;2026-05-29 14:56:33.487037+00;;Prefiro a versão preta;313fd642-6168-4271-bde8-06b9a21b8fe7